Holding,Target size,Net,Sizing scheme,Max size,Exit rate,return,sharpe,drawdown,rank
10,0.05,0,fix allocation volume exit,0.2,0.05,5.3%,2.57,1.6%,903
10,0.05,0,fix allocation volume exit,0.15,0.05,5.1%,2.77,1.4%,880
10,0.1,0,fix allocation volume exit,0.2,0.05,5.2%,2.51,1.7%,857
10,0.15,0,fix allocation volume exit,0.2,0.05,5.2%,2.49,1.7%,849
10,0.1,0,fix allocation volume exit,0.15,0.05,5.0%,2.70,1.5%,837
10,0.15,0,constant volume exit,0.1,0.05,5.0%,2.68,1.5%,829.5
10,0.15,0,constant volume exit,0.15,0.05,5.0%,2.68,1.5%,829.5
10,0.15,0,constant volume exit,0.2,0.05,5.0%,2.68,1.5%,829.5
10,0.15,0,fix allocation volume exit,0.15,0.05,5.0%,2.68,1.5%,829.5
10,0.05,0,fix allocation volume exit,0.2,0.03,5.2%,2.46,1.7%,829
10,0.1,0,fix allocation volume exit,0.2,0.03,5.1%,2.41,1.8%,812
10,0.05,0,fix allocation volume exit,0.15,0.03,4.9%,2.63,1.5%,811
10,0.05,0.1,fix allocation volume exit,0.2,0.05,5.6%,2.16,3.6%,806
10,0.15,0,fix allocation volume exit,0.2,0.03,5.1%,2.38,1.8%,801
10,0.1,0,fix allocation volume exit,0.15,0.03,4.9%,2.59,1.6%,777
10,0.05,0,fix allocation volume exit,0.1,0.05,4.6%,2.99,1.1%,767
10,0.15,0,constant volume exit,0.1,0.03,4.8%,2.56,1.6%,766.5
10,0.15,0,constant volume exit,0.15,0.03,4.8%,2.56,1.6%,766.5
10,0.15,0,constant volume exit,0.2,0.03,4.8%,2.56,1.6%,766.5
10,0.15,0,fix allocation volume exit,0.15,0.03,4.8%,2.56,1.6%,766.5
10,0.05,0.1,fix allocation volume exit,0.15,0.05,5.3%,2.21,3.6%,762
10,0.1,0.1,fix allocation volume exit,0.2,0.05,5.5%,2.11,3.6%,747
10,0.05,0,fix allocation volume exit,0.2,0.01,5.0%,2.27,2.0%,745
10,0.1,0,constant volume exit,0.1,0.05,4.5%,2.91,1.2%,735.5
10,0.1,0,constant volume exit,0.15,0.05,4.5%,2.91,1.2%,735.5
10,0.1,0,constant volume exit,0.2,0.05,4.5%,2.91,1.2%,735.5
10,0.1,0,fix allocation volume exit,0.1,0.05,4.5%,2.91,1.2%,735.5
10,0.15,0.1,fix allocation volume exit,0.2,0.05,5.5%,2.10,3.6%,734
10,0.15,0,fix allocation volume exit,0.1,0.05,4.5%,2.89,1.2%,724
10,0.05,0,fix allocation volume exit,0.1,0.03,4.4%,2.82,1.2%,723
10,0.1,0.1,fix allocation volume exit,0.15,0.05,5.2%,2.16,3.6%,713
10,0.05,0,fix allocation volume exit,0.15,0.01,4.7%,2.42,1.7%,707
10,0.05,0.1,fix allocation volume exit,0.2,0.03,5.4%,2.08,3.6%,706
10,0.1,0,constant volume exit,0.1,0.03,4.4%,2.77,1.3%,704.5
10,0.1,0,constant volume exit,0.15,0.03,4.4%,2.77,1.3%,704.5
10,0.1,0,constant volume exit,0.2,0.03,4.4%,2.77,1.3%,704.5
10,0.1,0,fix allocation volume exit,0.1,0.03,4.4%,2.77,1.3%,704.5
10,0.1,0,fix allocation volume exit,0.2,0.01,4.9%,2.20,3.1%,704
20,0.05,0,fix allocation volume exit,0.15,0.05,4.8%,2.51,3.3%,702
10,0.15,0.1,constant volume exit,0.1,0.05,5.2%,2.15,3.6%,697
10,0.15,0.1,constant volume exit,0.15,0.05,5.2%,2.15,3.6%,697
10,0.15,0.1,constant volume exit,0.2,0.05,5.2%,2.15,3.6%,697
10,0.15,0.1,fix allocation volume exit,0.15,0.05,5.2%,2.15,3.6%,697
10,0.1,0.1,fix allocation volume exit,0.2,0.03,5.3%,2.05,3.6%,684
10,0.15,0,fix allocation volume exit,0.1,0.03,4.4%,2.75,1.3%,684
10,0.15,0,constant volume exit,0.1,0.01,4.8%,2.35,2.9%,672.5
10,0.15,0,constant volume exit,0.15,0.01,4.8%,2.35,2.9%,672.5
10,0.15,0,constant volume exit,0.2,0.01,4.8%,2.35,2.9%,672.5
10,0.15,0,fix allocation volume exit,0.15,0.01,4.8%,2.35,2.9%,672.5
10,0.05,0,constant volume exit,0.1,0.05,3.7%,3.32,0.8%,671
10,0.05,0,constant volume exit,0.15,0.05,3.7%,3.32,0.8%,671
10,0.05,0,constant volume exit,0.2,0.05,3.7%,3.32,0.8%,671
10,0.1,0,fix allocation volume exit,0.15,0.01,4.7%,2.36,2.4%,662
20,0.05,0,fix allocation volume exit,0.1,0.05,4.4%,2.75,2.3%,661
20,0.1,0,fix allocation volume exit,0.15,0.05,4.7%,2.43,3.3%,658
10,0.05,0,constant volume exit,0.1,0.03,3.6%,3.12,0.8%,656
10,0.05,0,constant volume exit,0.15,0.03,3.6%,3.12,0.8%,656
10,0.05,0,constant volume exit,0.2,0.03,3.6%,3.12,0.8%,656
20,0.05,0,fix allocation volume exit,0.2,0.05,5.0%,2.32,3.9%,656
10,0.05,0.1,fix allocation volume exit,0.15,0.03,5.1%,2.12,3.6%,651
10,0.15,0,fix allocation volume exit,0.2,0.01,5.0%,2.20,3.6%,648
10,0.05,0,fix allocation volume exit,0.1,0.01,4.2%,2.56,1.4%,644
20,0.15,0,constant volume exit,0.1,0.05,4.7%,2.42,3.3%,641.5
20,0.15,0,constant volume exit,0.15,0.05,4.7%,2.42,3.3%,641.5
20,0.15,0,constant volume exit,0.2,0.05,4.7%,2.42,3.3%,641.5
20,0.15,0,fix allocation volume exit,0.15,0.05,4.7%,2.42,3.3%,641.5
20,0.05,0,fix allocation volume exit,0.15,0.03,4.6%,2.38,3.3%,636
10,0.15,0.1,fix allocation volume exit,0.2,0.03,5.3%,2.03,3.6%,635
10,0.1,0.1,fix allocation volume exit,0.15,0.03,5.1%,2.09,3.6%,633
20,0.05,0,constant volume exit,0.1,0.05,3.6%,3.10,1.5%,630
20,0.05,0,constant volume exit,0.15,0.05,3.6%,3.10,1.5%,630
20,0.05,0,constant volume exit,0.2,0.05,3.6%,3.10,1.5%,630
10,0.05,0.1,fix allocation volume exit,0.1,0.05,4.8%,2.18,3.6%,627
10,0.15,0.1,constant volume exit,0.1,0.03,5.1%,2.07,3.6%,624
10,0.15,0.1,constant volume exit,0.15,0.03,5.1%,2.07,3.6%,624
10,0.15,0.1,constant volume exit,0.2,0.03,5.1%,2.07,3.6%,624
10,0.15,0.1,fix allocation volume exit,0.15,0.03,5.1%,2.07,3.6%,624
20,0.1,0,constant volume exit,0.1,0.05,4.3%,2.66,2.3%,623.5
20,0.1,0,constant volume exit,0.15,0.05,4.3%,2.66,2.3%,623.5
20,0.1,0,constant volume exit,0.2,0.05,4.3%,2.66,2.3%,623.5
20,0.1,0,fix allocation volume exit,0.1,0.05,4.3%,2.66,2.3%,623.5
10,0.05,0.1,fix allocation volume exit,0.2,0.01,5.2%,1.98,3.5%,623
10,0.05,0,constant volume exit,0.1,0.01,3.4%,2.77,1.1%,621
10,0.05,0,constant volume exit,0.15,0.01,3.4%,2.77,1.1%,621
10,0.05,0,constant volume exit,0.2,0.01,3.4%,2.77,1.1%,621
20,0.05,0,constant volume exit,0.1,0.03,3.4%,2.91,1.5%,617
20,0.05,0,constant volume exit,0.15,0.03,3.4%,2.91,1.5%,617
20,0.05,0,constant volume exit,0.2,0.03,3.4%,2.91,1.5%,617
20,0.15,0,fix allocation volume exit,0.1,0.05,4.3%,2.65,2.3%,614
20,0.05,0,fix allocation volume exit,0.1,0.03,4.2%,2.60,2.3%,613
20,0.1,0,fix allocation volume exit,0.2,0.05,4.9%,2.25,4.0%,609
20,0.1,0,fix allocation volume exit,0.15,0.03,4.6%,2.32,3.3%,608
10,0.1,0,constant volume exit,0.1,0.01,4.3%,2.49,1.8%,604.5
10,0.1,0,constant volume exit,0.15,0.01,4.3%,2.49,1.8%,604.5
10,0.1,0,constant volume exit,0.2,0.01,4.3%,2.49,1.8%,604.5
10,0.1,0,fix allocation volume exit,0.1,0.01,4.3%,2.49,1.8%,604.5
10,0.05,0.1,fix allocation volume exit,0.15,0.01,5.0%,2.02,3.4%,602.5
10,0.15,0,fix allocation volume exit,0.1,0.01,4.3%,2.49,2.1%,602
20,0.05,0.1,constant,0.1,0.01,5.6%,2.11,5.8%,601
20,0.05,0.1,constant,0.1,0.03,5.6%,2.11,5.8%,601
20,0.05,0.1,constant,0.1,0.05,5.6%,2.11,5.8%,601
20,0.05,0.1,constant,0.15,0.01,5.6%,2.11,5.8%,601
20,0.05,0.1,constant,0.15,0.03,5.6%,2.11,5.8%,601
20,0.05,0.1,constant,0.15,0.05,5.6%,2.11,5.8%,601
20,0.05,0.1,constant,0.2,0.01,5.6%,2.11,5.8%,601
20,0.05,0.1,constant,0.2,0.03,5.6%,2.11,5.8%,601
20,0.05,0.1,constant,0.2,0.05,5.6%,2.11,5.8%,601
20,0.15,0,fix allocation volume exit,0.2,0.05,4.9%,2.23,4.0%,599
10,0.05,0.1,fix allocation,0.1,0.01,5.5%,2.04,5.1%,597.5
10,0.05,0.1,fix allocation,0.1,0.03,5.5%,2.04,5.1%,597.5
10,0.05,0.1,fix allocation,0.1,0.05,5.5%,2.04,5.1%,597.5
10,0.1,0.1,constant,0.1,0.01,5.5%,2.04,5.1%,597.5
10,0.1,0.1,constant,0.1,0.03,5.5%,2.04,5.1%,597.5
10,0.1,0.1,constant,0.1,0.05,5.5%,2.04,5.1%,597.5
10,0.1,0.1,constant,0.15,0.01,5.5%,2.04,5.1%,597.5
10,0.1,0.1,constant,0.15,0.03,5.5%,2.04,5.1%,597.5
10,0.1,0.1,constant,0.15,0.05,5.5%,2.04,5.1%,597.5
10,0.1,0.1,constant,0.2,0.01,5.5%,2.04,5.1%,597.5
10,0.1,0.1,constant,0.2,0.03,5.5%,2.04,5.1%,597.5
10,0.1,0.1,constant,0.2,0.05,5.5%,2.04,5.1%,597.5
10,0.1,0.1,fix allocation,0.1,0.01,5.5%,2.04,5.1%,597.5
10,0.1,0.1,fix allocation,0.1,0.03,5.5%,2.04,5.1%,597.5
10,0.1,0.1,fix allocation,0.1,0.05,5.5%,2.04,5.1%,597.5
10,0.15,0.1,fix allocation,0.1,0.01,5.5%,2.04,5.1%,597.5
10,0.15,0.1,fix allocation,0.1,0.03,5.5%,2.04,5.1%,597.5
10,0.15,0.1,fix allocation,0.1,0.05,5.5%,2.04,5.1%,597.5
20,0.1,0,constant volume exit,0.1,0.03,4.2%,2.53,2.3%,595.5
20,0.1,0,constant volume exit,0.15,0.03,4.2%,2.53,2.3%,595.5
20,0.1,0,constant volume exit,0.2,0.03,4.2%,2.53,2.3%,595.5
20,0.1,0,fix allocation volume exit,0.1,0.03,4.2%,2.53,2.3%,595.5
20,0.05,0,fix allocation volume exit,0.2,0.03,4.9%,2.21,4.0%,592
20,0.15,0,constant volume exit,0.1,0.03,4.5%,2.30,3.3%,590.5
20,0.15,0,constant volume exit,0.15,0.03,4.5%,2.30,3.3%,590.5
20,0.15,0,constant volume exit,0.2,0.03,4.5%,2.30,3.3%,590.5
20,0.15,0,fix allocation volume exit,0.15,0.03,4.5%,2.30,3.3%,590.5
20,0.15,0,fix allocation volume exit,0.1,0.03,4.1%,2.51,2.3%,583
10,0.05,0,fix allocation,0.1,0.01,5.3%,1.91,3.9%,580.5
10,0.05,0,fix allocation,0.1,0.03,5.3%,1.91,3.9%,580.5
10,0.05,0,fix allocation,0.1,0.05,5.3%,1.91,3.9%,580.5
10,0.1,0,constant,0.1,0.01,5.3%,1.91,3.9%,580.5
10,0.1,0,constant,0.1,0.03,5.3%,1.91,3.9%,580.5
10,0.1,0,constant,0.1,0.05,5.3%,1.91,3.9%,580.5
10,0.1,0,constant,0.15,0.01,5.3%,1.91,3.9%,580.5
10,0.1,0,constant,0.15,0.03,5.3%,1.91,3.9%,580.5
10,0.1,0,constant,0.15,0.05,5.3%,1.91,3.9%,580.5
10,0.1,0,constant,0.2,0.01,5.3%,1.91,3.9%,580.5
10,0.1,0,constant,0.2,0.03,5.3%,1.91,3.9%,580.5
10,0.1,0,constant,0.2,0.05,5.3%,1.91,3.9%,580.5
10,0.1,0,fix allocation,0.1,0.01,5.3%,1.91,3.9%,580.5
10,0.1,0,fix allocation,0.1,0.03,5.3%,1.91,3.9%,580.5
10,0.1,0,fix allocation,0.1,0.05,5.3%,1.91,3.9%,580.5
10,0.15,0,fix allocation,0.1,0.01,5.3%,1.91,3.9%,580.5
10,0.15,0,fix allocation,0.1,0.03,5.3%,1.91,3.9%,580.5
10,0.15,0,fix allocation,0.1,0.05,5.3%,1.91,3.9%,580.5
10,0.05,0.1,constant,0.1,0.01,4.6%,2.16,3.4%,576
10,0.05,0.1,constant,0.1,0.03,4.6%,2.16,3.4%,576
10,0.05,0.1,constant,0.1,0.05,4.6%,2.16,3.4%,576
10,0.05,0.1,constant,0.15,0.01,4.6%,2.16,3.4%,576
10,0.05,0.1,constant,0.15,0.03,4.6%,2.16,3.4%,576
10,0.05,0.1,constant,0.15,0.05,4.6%,2.16,3.4%,576
10,0.05,0.1,constant,0.2,0.01,4.6%,2.16,3.4%,576
10,0.05,0.1,constant,0.2,0.03,4.6%,2.16,3.4%,576
10,0.05,0.1,constant,0.2,0.05,4.6%,2.16,3.4%,576
20,0.05,0,constant volume exit,0.1,0.01,3.3%,2.59,1.5%,576
20,0.05,0,constant volume exit,0.15,0.01,3.3%,2.59,1.5%,576
20,0.05,0,constant volume exit,0.2,0.01,3.3%,2.59,1.5%,576
10,0.1,0.1,constant volume exit,0.1,0.05,4.8%,2.13,3.6%,560.5
10,0.1,0.1,constant volume exit,0.15,0.05,4.8%,2.13,3.6%,560.5
10,0.1,0.1,constant volume exit,0.2,0.05,4.8%,2.13,3.6%,560.5
10,0.1,0.1,fix allocation volume exit,0.1,0.05,4.8%,2.13,3.6%,560.5
10,0.15,0.1,fix allocation volume exit,0.1,0.05,4.7%,2.12,3.6%,556
20,0.1,0,fix allocation volume exit,0.2,0.03,4.8%,2.15,4.0%,550
10,0.05,0,constant,0.1,0.01,4.4%,2.15,2.4%,548
10,0.05,0,constant,0.1,0.03,4.4%,2.15,2.4%,548
10,0.05,0,constant,0.1,0.05,4.4%,2.15,2.4%,548
10,0.05,0,constant,0.15,0.01,4.4%,2.15,2.4%,548
10,0.05,0,constant,0.15,0.03,4.4%,2.15,2.4%,548
10,0.05,0,constant,0.15,0.05,4.4%,2.15,2.4%,548
10,0.05,0,constant,0.2,0.01,4.4%,2.15,2.4%,548
10,0.05,0,constant,0.2,0.03,4.4%,2.15,2.4%,548
10,0.05,0,constant,0.2,0.05,4.4%,2.15,2.4%,548
10,0.1,0.1,fix allocation volume exit,0.15,0.01,5.0%,2.00,3.8%,541
20,0.05,0,fix allocation volume exit,0.15,0.01,4.4%,2.19,3.5%,537
20,0.05,0.1,fix allocation volume exit,0.2,0.05,5.3%,1.97,4.6%,534
20,0.05,0,fix allocation volume exit,0.1,0.01,4.0%,2.35,2.4%,533
10,0.15,0.1,constant volume exit,0.1,0.01,5.0%,2.01,4.1%,530.5
10,0.15,0.1,constant volume exit,0.15,0.01,5.0%,2.01,4.1%,530.5
10,0.15,0.1,constant volume exit,0.2,0.01,5.0%,2.01,4.1%,530.5
10,0.15,0.1,fix allocation volume exit,0.15,0.01,5.0%,2.01,4.1%,530.5
20,0.15,0,fix allocation volume exit,0.1,0.01,4.1%,2.28,2.4%,530
20,0.1,0,constant volume exit,0.1,0.01,4.0%,2.28,2.4%,528.5
20,0.1,0,constant volume exit,0.15,0.01,4.0%,2.28,2.4%,528.5
20,0.1,0,constant volume exit,0.2,0.01,4.0%,2.28,2.4%,528.5
20,0.1,0,fix allocation volume exit,0.1,0.01,4.0%,2.28,2.4%,528.5
10,0.05,0.1,fix allocation,0.15,0.01,6.0%,1.91,7.1%,524.5
10,0.05,0.1,fix allocation,0.15,0.03,6.0%,1.91,7.1%,524.5
10,0.05,0.1,fix allocation,0.15,0.05,6.0%,1.91,7.1%,524.5
10,0.1,0.1,fix allocation,0.15,0.01,6.0%,1.91,7.1%,524.5
10,0.1,0.1,fix allocation,0.15,0.03,6.0%,1.91,7.1%,524.5
10,0.1,0.1,fix allocation,0.15,0.05,6.0%,1.91,7.1%,524.5
10,0.15,0.1,constant,0.1,0.01,6.0%,1.91,7.1%,524.5
10,0.15,0.1,constant,0.1,0.03,6.0%,1.91,7.1%,524.5
10,0.15,0.1,constant,0.1,0.05,6.0%,1.91,7.1%,524.5
10,0.15,0.1,constant,0.15,0.01,6.0%,1.91,7.1%,524.5
10,0.15,0.1,constant,0.15,0.03,6.0%,1.91,7.1%,524.5
10,0.15,0.1,constant,0.15,0.05,6.0%,1.91,7.1%,524.5
10,0.15,0.1,constant,0.2,0.01,6.0%,1.91,7.1%,524.5
10,0.15,0.1,constant,0.2,0.03,6.0%,1.91,7.1%,524.5
10,0.15,0.1,constant,0.2,0.05,6.0%,1.91,7.1%,524.5
10,0.15,0.1,fix allocation,0.15,0.01,6.0%,1.91,7.1%,524.5
10,0.15,0.1,fix allocation,0.15,0.03,6.0%,1.91,7.1%,524.5
10,0.15,0.1,fix allocation,0.15,0.05,6.0%,1.91,7.1%,524.5
20,0.15,0,constant volume exit,0.1,0.01,4.5%,2.13,3.5%,520.5
20,0.15,0,constant volume exit,0.15,0.01,4.5%,2.13,3.5%,520.5
20,0.15,0,constant volume exit,0.2,0.01,4.5%,2.13,3.5%,520.5
20,0.15,0,fix allocation volume exit,0.15,0.01,4.5%,2.13,3.5%,520.5
10,0.1,0.1,fix allocation volume exit,0.2,0.01,5.2%,1.95,4.4%,519
20,0.05,0.1,fix allocation volume exit,0.15,0.05,5.1%,2.03,4.6%,517
10,0.05,0.1,fix allocation volume exit,0.1,0.03,4.7%,2.09,3.6%,512
20,0.1,0,fix allocation volume exit,0.15,0.01,4.5%,2.13,3.4%,504
20,0.1,0.1,fix allocation volume exit,0.2,0.05,5.2%,1.92,4.6%,504
20,0.15,0,fix allocation volume exit,0.2,0.03,4.8%,2.12,4.0%,503
10,0.15,0.1,fix allocation volume exit,0.2,0.01,5.2%,1.95,4.8%,500
10,0.1,0.1,constant volume exit,0.1,0.03,4.6%,2.06,3.6%,493
10,0.1,0.1,constant volume exit,0.15,0.03,4.6%,2.06,3.6%,493
10,0.1,0.1,constant volume exit,0.2,0.03,4.6%,2.06,3.6%,493
10,0.1,0.1,fix allocation volume exit,0.1,0.03,4.6%,2.06,3.6%,493
20,0.05,0.1,fix allocation,0.1,0.01,6.7%,1.89,8.0%,479.5
20,0.05,0.1,fix allocation,0.1,0.03,6.7%,1.89,8.0%,479.5
20,0.05,0.1,fix allocation,0.1,0.05,6.7%,1.89,8.0%,479.5
20,0.1,0.1,constant,0.1,0.01,6.7%,1.89,8.0%,479.5
20,0.1,0.1,constant,0.1,0.03,6.7%,1.89,8.0%,479.5
20,0.1,0.1,constant,0.1,0.05,6.7%,1.89,8.0%,479.5
20,0.1,0.1,constant,0.15,0.01,6.7%,1.89,8.0%,479.5
20,0.1,0.1,constant,0.15,0.03,6.7%,1.89,8.0%,479.5
20,0.1,0.1,constant,0.15,0.05,6.7%,1.89,8.0%,479.5
20,0.1,0.1,constant,0.2,0.01,6.7%,1.89,8.0%,479.5
20,0.1,0.1,constant,0.2,0.03,6.7%,1.89,8.0%,479.5
20,0.1,0.1,constant,0.2,0.05,6.7%,1.89,8.0%,479.5
20,0.1,0.1,fix allocation,0.1,0.01,6.7%,1.89,8.0%,479.5
20,0.1,0.1,fix allocation,0.1,0.03,6.7%,1.89,8.0%,479.5
20,0.1,0.1,fix allocation,0.1,0.05,6.7%,1.89,8.0%,479.5
20,0.15,0.1,fix allocation,0.1,0.01,6.7%,1.89,8.0%,479.5
20,0.15,0.1,fix allocation,0.1,0.03,6.7%,1.89,8.0%,479.5
20,0.15,0.1,fix allocation,0.1,0.05,6.7%,1.89,8.0%,479.5
10,0.15,0.1,fix allocation volume exit,0.1,0.03,4.6%,2.05,3.6%,478
20,0.15,0.1,fix allocation volume exit,0.2,0.05,5.2%,1.91,4.6%,475
10,0.05,0,fix allocation,0.15,0.01,5.8%,1.78,5.7%,472.5
10,0.05,0,fix allocation,0.15,0.03,5.8%,1.78,5.7%,472.5
10,0.05,0,fix allocation,0.15,0.05,5.8%,1.78,5.7%,472.5
10,0.1,0,fix allocation,0.15,0.01,5.8%,1.78,5.7%,472.5
10,0.1,0,fix allocation,0.15,0.03,5.8%,1.78,5.7%,472.5
10,0.1,0,fix allocation,0.15,0.05,5.8%,1.78,5.7%,472.5
10,0.15,0,constant,0.1,0.01,5.8%,1.78,5.7%,472.5
10,0.15,0,constant,0.1,0.03,5.8%,1.78,5.7%,472.5
10,0.15,0,constant,0.1,0.05,5.8%,1.78,5.7%,472.5
10,0.15,0,constant,0.15,0.01,5.8%,1.78,5.7%,472.5
10,0.15,0,constant,0.15,0.03,5.8%,1.78,5.7%,472.5
10,0.15,0,constant,0.15,0.05,5.8%,1.78,5.7%,472.5
10,0.15,0,constant,0.2,0.01,5.8%,1.78,5.7%,472.5
10,0.15,0,constant,0.2,0.03,5.8%,1.78,5.7%,472.5
10,0.15,0,constant,0.2,0.05,5.8%,1.78,5.7%,472.5
10,0.15,0,fix allocation,0.15,0.01,5.8%,1.78,5.7%,472.5
10,0.15,0,fix allocation,0.15,0.03,5.8%,1.78,5.7%,472.5
10,0.15,0,fix allocation,0.15,0.05,5.8%,1.78,5.7%,472.5
20,0.1,0.1,fix allocation volume exit,0.15,0.05,5.0%,1.98,4.6%,468
10,0.1,0.1,constant volume exit,0.1,0.01,4.5%,1.97,3.3%,464.5
10,0.1,0.1,constant volume exit,0.15,0.01,4.5%,1.97,3.3%,464.5
10,0.1,0.1,constant volume exit,0.2,0.01,4.5%,1.97,3.3%,464.5
10,0.1,0.1,fix allocation volume exit,0.1,0.01,4.5%,1.97,3.3%,464.5
10,0.05,0.1,fix allocation volume exit,0.1,0.01,4.5%,1.99,3.4%,460.5
20,0.15,0.1,constant volume exit,0.1,0.05,4.9%,1.97,4.6%,458.5
20,0.15,0.1,constant volume exit,0.15,0.05,4.9%,1.97,4.6%,458.5
20,0.15,0.1,constant volume exit,0.2,0.05,4.9%,1.97,4.6%,458.5
20,0.15,0.1,fix allocation volume exit,0.15,0.05,4.9%,1.97,4.6%,458.5
10,0.15,0.1,fix allocation volume exit,0.1,0.01,4.5%,1.99,3.5%,458
20,0.05,0,fix allocation volume exit,0.2,0.01,4.7%,2.04,4.1%,436
20,0.15,0,fix allocation volume exit,0.2,0.01,4.7%,1.98,4.2%,430
20,0.05,0.1,fix allocation volume exit,0.2,0.03,5.1%,1.90,4.7%,429.5
20,0.05,0.1,fix allocation volume exit,0.15,0.03,4.9%,1.95,4.7%,422.5
20,0.1,0,fix allocation volume exit,0.2,0.01,4.7%,1.98,4.1%,415
20,0.05,0,constant,0.1,0.01,5.4%,1.85,5.8%,407
20,0.05,0,constant,0.1,0.03,5.4%,1.85,5.8%,407
20,0.05,0,constant,0.1,0.05,5.4%,1.85,5.8%,407
20,0.05,0,constant,0.15,0.01,5.4%,1.85,5.8%,407
20,0.05,0,constant,0.15,0.03,5.4%,1.85,5.8%,407
20,0.05,0,constant,0.15,0.05,5.4%,1.85,5.8%,407
20,0.05,0,constant,0.2,0.01,5.4%,1.85,5.8%,407
20,0.05,0,constant,0.2,0.03,5.4%,1.85,5.8%,407
20,0.05,0,constant,0.2,0.05,5.4%,1.85,5.8%,407
20,0.05,0.1,fix allocation volume exit,0.1,0.05,4.6%,2.03,4.6%,398
20,0.1,0.1,fix allocation volume exit,0.2,0.03,5.0%,1.86,4.7%,396
20,0.1,0.1,fix allocation volume exit,0.15,0.03,4.8%,1.91,4.7%,373.5
20,0.1,0.1,constant volume exit,0.1,0.05,4.5%,1.98,4.6%,361
20,0.1,0.1,constant volume exit,0.15,0.05,4.5%,1.98,4.6%,361
20,0.1,0.1,constant volume exit,0.2,0.05,4.5%,1.98,4.6%,361
20,0.1,0.1,fix allocation volume exit,0.1,0.05,4.5%,1.98,4.6%,361
20,0.05,0.1,fix allocation volume exit,0.2,0.01,4.9%,1.80,4.3%,357
20,0.15,0.1,fix allocation volume exit,0.2,0.03,5.0%,1.83,4.7%,350.5
20,0.05,0.2,fix allocation,0.1,0.01,6.9%,1.75,8.4%,348.5
20,0.05,0.2,fix allocation,0.1,0.03,6.9%,1.75,8.4%,348.5
20,0.05,0.2,fix allocation,0.1,0.05,6.9%,1.75,8.4%,348.5
20,0.1,0.2,constant,0.1,0.01,6.9%,1.75,8.4%,348.5
20,0.1,0.2,constant,0.1,0.03,6.9%,1.75,8.4%,348.5
20,0.1,0.2,constant,0.1,0.05,6.9%,1.75,8.4%,348.5
20,0.1,0.2,constant,0.15,0.01,6.9%,1.75,8.4%,348.5
20,0.1,0.2,constant,0.15,0.03,6.9%,1.75,8.4%,348.5
20,0.1,0.2,constant,0.15,0.05,6.9%,1.75,8.4%,348.5
20,0.1,0.2,constant,0.2,0.01,6.9%,1.75,8.4%,348.5
20,0.1,0.2,constant,0.2,0.03,6.9%,1.75,8.4%,348.5
20,0.1,0.2,constant,0.2,0.05,6.9%,1.75,8.4%,348.5
20,0.1,0.2,fix allocation,0.1,0.01,6.9%,1.75,8.4%,348.5
20,0.1,0.2,fix allocation,0.1,0.03,6.9%,1.75,8.4%,348.5
20,0.1,0.2,fix allocation,0.1,0.05,6.9%,1.75,8.4%,348.5
20,0.15,0.2,fix allocation,0.1,0.01,6.9%,1.75,8.4%,348.5
20,0.15,0.2,fix allocation,0.1,0.03,6.9%,1.75,8.4%,348.5
20,0.15,0.2,fix allocation,0.1,0.05,6.9%,1.75,8.4%,348.5
20,0.05,0.2,constant,0.1,0.01,5.9%,1.72,7.2%,347
20,0.05,0.2,constant,0.1,0.03,5.9%,1.72,7.2%,347
20,0.05,0.2,constant,0.1,0.05,5.9%,1.72,7.2%,347
20,0.05,0.2,constant,0.15,0.01,5.9%,1.72,7.2%,347
20,0.05,0.2,constant,0.15,0.03,5.9%,1.72,7.2%,347
20,0.05,0.2,constant,0.15,0.05,5.9%,1.72,7.2%,347
20,0.05,0.2,constant,0.2,0.01,5.9%,1.72,7.2%,347
20,0.05,0.2,constant,0.2,0.03,5.9%,1.72,7.2%,347
20,0.05,0.2,constant,0.2,0.05,5.9%,1.72,7.2%,347
20,0.15,0.1,constant volume exit,0.1,0.03,4.8%,1.89,4.7%,347
20,0.15,0.1,constant volume exit,0.15,0.03,4.8%,1.89,4.7%,347
20,0.15,0.1,constant volume exit,0.2,0.03,4.8%,1.89,4.7%,347
20,0.15,0.1,fix allocation volume exit,0.15,0.03,4.8%,1.89,4.7%,347
20,0.05,0.1,fix allocation,0.15,0.01,7.3%,1.74,8.5%,345.5
20,0.05,0.1,fix allocation,0.15,0.03,7.3%,1.74,8.5%,345.5
20,0.05,0.1,fix allocation,0.15,0.05,7.3%,1.74,8.5%,345.5
20,0.1,0.1,fix allocation,0.15,0.01,7.3%,1.74,8.5%,345.5
20,0.1,0.1,fix allocation,0.15,0.03,7.3%,1.74,8.5%,345.5
20,0.1,0.1,fix allocation,0.15,0.05,7.3%,1.74,8.5%,345.5
20,0.15,0.1,constant,0.1,0.01,7.3%,1.74,8.5%,345.5
20,0.15,0.1,constant,0.1,0.03,7.3%,1.74,8.5%,345.5
20,0.15,0.1,constant,0.1,0.05,7.3%,1.74,8.5%,345.5
20,0.15,0.1,constant,0.15,0.01,7.3%,1.74,8.5%,345.5
20,0.15,0.1,constant,0.15,0.03,7.3%,1.74,8.5%,345.5
20,0.15,0.1,constant,0.15,0.05,7.3%,1.74,8.5%,345.5
20,0.15,0.1,constant,0.2,0.01,7.3%,1.74,8.5%,345.5
20,0.15,0.1,constant,0.2,0.03,7.3%,1.74,8.5%,345.5
20,0.15,0.1,constant,0.2,0.05,7.3%,1.74,8.5%,345.5
20,0.15,0.1,fix allocation,0.15,0.01,7.3%,1.74,8.5%,345.5
20,0.15,0.1,fix allocation,0.15,0.03,7.3%,1.74,8.5%,345.5
20,0.15,0.1,fix allocation,0.15,0.05,7.3%,1.74,8.5%,345.5
20,0.15,0.1,constant volume exit,0.1,0.01,4.8%,1.85,4.3%,343
20,0.15,0.1,constant volume exit,0.15,0.01,4.8%,1.85,4.3%,343
20,0.15,0.1,constant volume exit,0.2,0.01,4.8%,1.85,4.3%,343
20,0.15,0.1,fix allocation volume exit,0.15,0.01,4.8%,1.85,4.3%,343
20,0.15,0.1,fix allocation volume exit,0.1,0.05,4.5%,1.97,4.6%,340
10,0.05,0.1,constant volume exit,0.1,0.05,4.0%,1.98,3.7%,334
10,0.05,0.1,constant volume exit,0.15,0.05,4.0%,1.98,3.7%,334
10,0.05,0.1,constant volume exit,0.2,0.05,4.0%,1.98,3.7%,334
20,0.15,0.1,fix allocation volume exit,0.2,0.01,5.0%,1.79,4.8%,331
20,0.1,0.1,fix allocation volume exit,0.2,0.01,4.9%,1.77,4.4%,330
20,0.05,0.1,fix allocation volume exit,0.15,0.01,4.7%,1.86,4.3%,315.5
20,0.1,0.1,fix allocation volume exit,0.15,0.01,4.7%,1.83,4.3%,310
20,0.05,0.1,fix allocation volume exit,0.1,0.03,4.5%,1.95,4.7%,309
20,0.05,0,fix allocation,0.1,0.01,6.5%,1.67,8.3%,282.5
20,0.05,0,fix allocation,0.1,0.03,6.5%,1.67,8.3%,282.5
20,0.05,0,fix allocation,0.1,0.05,6.5%,1.67,8.3%,282.5
20,0.1,0,constant,0.1,0.01,6.5%,1.67,8.3%,282.5
20,0.1,0,constant,0.1,0.03,6.5%,1.67,8.3%,282.5
20,0.1,0,constant,0.1,0.05,6.5%,1.67,8.3%,282.5
20,0.1,0,constant,0.15,0.01,6.5%,1.67,8.3%,282.5
20,0.1,0,constant,0.15,0.03,6.5%,1.67,8.3%,282.5
20,0.1,0,constant,0.15,0.05,6.5%,1.67,8.3%,282.5
20,0.1,0,constant,0.2,0.01,6.5%,1.67,8.3%,282.5
20,0.1,0,constant,0.2,0.03,6.5%,1.67,8.3%,282.5
20,0.1,0,constant,0.2,0.05,6.5%,1.67,8.3%,282.5
20,0.1,0,fix allocation,0.1,0.01,6.5%,1.67,8.3%,282.5
20,0.1,0,fix allocation,0.1,0.03,6.5%,1.67,8.3%,282.5
20,0.1,0,fix allocation,0.1,0.05,6.5%,1.67,8.3%,282.5
20,0.15,0,fix allocation,0.1,0.01,6.5%,1.67,8.3%,282.5
20,0.15,0,fix allocation,0.1,0.03,6.5%,1.67,8.3%,282.5
20,0.15,0,fix allocation,0.1,0.05,6.5%,1.67,8.3%,282.5
20,0.05,0.2,fix allocation,0.15,0.01,7.5%,1.68,8.9%,279.5
20,0.05,0.2,fix allocation,0.15,0.03,7.5%,1.68,8.9%,279.5
20,0.05,0.2,fix allocation,0.15,0.05,7.5%,1.68,8.9%,279.5
20,0.1,0.2,fix allocation,0.15,0.01,7.5%,1.68,8.9%,279.5
20,0.1,0.2,fix allocation,0.15,0.03,7.5%,1.68,8.9%,279.5
20,0.1,0.2,fix allocation,0.15,0.05,7.5%,1.68,8.9%,279.5
20,0.15,0.2,constant,0.1,0.01,7.5%,1.68,8.9%,279.5
20,0.15,0.2,constant,0.1,0.03,7.5%,1.68,8.9%,279.5
20,0.15,0.2,constant,0.1,0.05,7.5%,1.68,8.9%,279.5
20,0.15,0.2,constant,0.15,0.01,7.5%,1.68,8.9%,279.5
20,0.15,0.2,constant,0.15,0.03,7.5%,1.68,8.9%,279.5
20,0.15,0.2,constant,0.15,0.05,7.5%,1.68,8.9%,279.5
20,0.15,0.2,constant,0.2,0.01,7.5%,1.68,8.9%,279.5
20,0.15,0.2,constant,0.2,0.03,7.5%,1.68,8.9%,279.5
20,0.15,0.2,constant,0.2,0.05,7.5%,1.68,8.9%,279.5
20,0.15,0.2,fix allocation,0.15,0.01,7.5%,1.68,8.9%,279.5
20,0.15,0.2,fix allocation,0.15,0.03,7.5%,1.68,8.9%,279.5
20,0.15,0.2,fix allocation,0.15,0.05,7.5%,1.68,8.9%,279.5
10,0.05,0.2,fix allocation,0.1,0.01,5.8%,1.61,6.6%,278.5
10,0.05,0.2,fix allocation,0.1,0.03,5.8%,1.61,6.6%,278.5
10,0.05,0.2,fix allocation,0.1,0.05,5.8%,1.61,6.6%,278.5
10,0.1,0.2,constant,0.1,0.01,5.8%,1.61,6.6%,278.5
10,0.1,0.2,constant,0.1,0.03,5.8%,1.61,6.6%,278.5
10,0.1,0.2,constant,0.1,0.05,5.8%,1.61,6.6%,278.5
10,0.1,0.2,constant,0.15,0.01,5.8%,1.61,6.6%,278.5
10,0.1,0.2,constant,0.15,0.03,5.8%,1.61,6.6%,278.5
10,0.1,0.2,constant,0.15,0.05,5.8%,1.61,6.6%,278.5
10,0.1,0.2,constant,0.2,0.01,5.8%,1.61,6.6%,278.5
10,0.1,0.2,constant,0.2,0.03,5.8%,1.61,6.6%,278.5
10,0.1,0.2,constant,0.2,0.05,5.8%,1.61,6.6%,278.5
10,0.1,0.2,fix allocation,0.1,0.01,5.8%,1.61,6.6%,278.5
10,0.1,0.2,fix allocation,0.1,0.03,5.8%,1.61,6.6%,278.5
10,0.1,0.2,fix allocation,0.1,0.05,5.8%,1.61,6.6%,278.5
10,0.15,0.2,fix allocation,0.1,0.01,5.8%,1.61,6.6%,278.5
10,0.15,0.2,fix allocation,0.1,0.03,5.8%,1.61,6.6%,278.5
10,0.15,0.2,fix allocation,0.1,0.05,5.8%,1.61,6.6%,278.5
20,0.1,0.1,constant volume exit,0.1,0.03,4.4%,1.91,4.7%,272.5
20,0.1,0.1,constant volume exit,0.15,0.03,4.4%,1.91,4.7%,272.5
20,0.1,0.1,constant volume exit,0.2,0.03,4.4%,1.91,4.7%,272.5
20,0.1,0.1,fix allocation volume exit,0.1,0.03,4.4%,1.91,4.7%,272.5
10,0.05,0,fix allocation,0.2,0.01,6.0%,1.63,7.5%,269
10,0.05,0,fix allocation,0.2,0.03,6.0%,1.63,7.5%,269
10,0.05,0,fix allocation,0.2,0.05,6.0%,1.63,7.5%,269
10,0.1,0,fix allocation,0.2,0.01,6.0%,1.63,7.5%,269
10,0.1,0,fix allocation,0.2,0.03,6.0%,1.63,7.5%,269
10,0.1,0,fix allocation,0.2,0.05,6.0%,1.63,7.5%,269
10,0.15,0,fix allocation,0.2,0.01,6.0%,1.63,7.5%,269
10,0.15,0,fix allocation,0.2,0.03,6.0%,1.63,7.5%,269
10,0.15,0,fix allocation,0.2,0.05,6.0%,1.63,7.5%,269
10,0.05,0.1,constant volume exit,0.1,0.03,3.8%,1.90,3.8%,259
10,0.05,0.1,constant volume exit,0.15,0.03,3.8%,1.90,3.8%,259
10,0.05,0.1,constant volume exit,0.2,0.03,3.8%,1.90,3.8%,259
20,0.15,0.1,fix allocation volume exit,0.1,0.03,4.4%,1.90,4.7%,255
20,0.15,0.1,fix allocation volume exit,0.1,0.01,4.3%,1.86,4.3%,239
10,0.05,0.1,constant volume exit,0.1,0.01,3.7%,1.82,3.5%,230
10,0.05,0.1,constant volume exit,0.15,0.01,3.7%,1.82,3.5%,230
10,0.05,0.1,constant volume exit,0.2,0.01,3.7%,1.82,3.5%,230
20,0.05,0.1,fix allocation,0.2,0.01,7.5%,1.59,8.8%,230
20,0.05,0.1,fix allocation,0.2,0.03,7.5%,1.59,8.8%,230
20,0.05,0.1,fix allocation,0.2,0.05,7.5%,1.59,8.8%,230
20,0.1,0.1,fix allocation,0.2,0.01,7.5%,1.59,8.8%,230
20,0.1,0.1,fix allocation,0.2,0.03,7.5%,1.59,8.8%,230
20,0.1,0.1,fix allocation,0.2,0.05,7.5%,1.59,8.8%,230
20,0.15,0.1,fix allocation,0.2,0.01,7.5%,1.59,8.8%,230
20,0.15,0.1,fix allocation,0.2,0.03,7.5%,1.59,8.8%,230
20,0.15,0.1,fix allocation,0.2,0.05,7.5%,1.59,8.8%,230
20,0.05,0.1,fix allocation volume exit,0.1,0.01,4.3%,1.86,4.3%,228.5
20,0.1,0.1,constant volume exit,0.1,0.01,4.3%,1.84,4.3%,219
20,0.1,0.1,constant volume exit,0.15,0.01,4.3%,1.84,4.3%,219
20,0.1,0.1,constant volume exit,0.2,0.01,4.3%,1.84,4.3%,219
20,0.1,0.1,fix allocation volume exit,0.1,0.01,4.3%,1.84,4.3%,219
10,0.05,0.2,fix allocation,0.15,0.01,6.2%,1.61,8.4%,210.5
10,0.05,0.2,fix allocation,0.15,0.03,6.2%,1.61,8.4%,210.5
10,0.05,0.2,fix allocation,0.15,0.05,6.2%,1.61,8.4%,210.5
10,0.1,0.2,fix allocation,0.15,0.01,6.2%,1.61,8.4%,210.5
10,0.1,0.2,fix allocation,0.15,0.03,6.2%,1.61,8.4%,210.5
10,0.1,0.2,fix allocation,0.15,0.05,6.2%,1.61,8.4%,210.5
10,0.15,0.2,constant,0.1,0.01,6.2%,1.61,8.4%,210.5
10,0.15,0.2,constant,0.1,0.03,6.2%,1.61,8.4%,210.5
10,0.15,0.2,constant,0.1,0.05,6.2%,1.61,8.4%,210.5
10,0.15,0.2,constant,0.15,0.01,6.2%,1.61,8.4%,210.5
10,0.15,0.2,constant,0.15,0.03,6.2%,1.61,8.4%,210.5
10,0.15,0.2,constant,0.15,0.05,6.2%,1.61,8.4%,210.5
10,0.15,0.2,constant,0.2,0.01,6.2%,1.61,8.4%,210.5
10,0.15,0.2,constant,0.2,0.03,6.2%,1.61,8.4%,210.5
10,0.15,0.2,constant,0.2,0.05,6.2%,1.61,8.4%,210.5
10,0.15,0.2,fix allocation,0.15,0.01,6.2%,1.61,8.4%,210.5
10,0.15,0.2,fix allocation,0.15,0.03,6.2%,1.61,8.4%,210.5
10,0.15,0.2,fix allocation,0.15,0.05,6.2%,1.61,8.4%,210.5
20,0.05,0.2,fix allocation,0.2,0.01,7.7%,1.57,9.0%,194
20,0.05,0.2,fix allocation,0.2,0.03,7.7%,1.57,9.0%,194
20,0.05,0.2,fix allocation,0.2,0.05,7.7%,1.57,9.0%,194
20,0.1,0.2,fix allocation,0.2,0.01,7.7%,1.57,9.0%,194
20,0.1,0.2,fix allocation,0.2,0.03,7.7%,1.57,9.0%,194
20,0.1,0.2,fix allocation,0.2,0.05,7.7%,1.57,9.0%,194
20,0.15,0.2,fix allocation,0.2,0.01,7.7%,1.57,9.0%,194
20,0.15,0.2,fix allocation,0.2,0.03,7.7%,1.57,9.0%,194
20,0.15,0.2,fix allocation,0.2,0.05,7.7%,1.57,9.0%,194
10,0.05,0.1,fix allocation,0.2,0.01,6.2%,1.75,8.9%,188
10,0.05,0.1,fix allocation,0.2,0.03,6.2%,1.75,8.9%,188
10,0.05,0.1,fix allocation,0.2,0.05,6.2%,1.75,8.9%,188
10,0.1,0.1,fix allocation,0.2,0.01,6.2%,1.75,8.9%,188
10,0.1,0.1,fix allocation,0.2,0.03,6.2%,1.75,8.9%,188
10,0.1,0.1,fix allocation,0.2,0.05,6.2%,1.75,8.9%,188
10,0.15,0.1,fix allocation,0.2,0.01,6.2%,1.75,8.9%,188
10,0.15,0.1,fix allocation,0.2,0.03,6.2%,1.75,8.9%,188
10,0.15,0.1,fix allocation,0.2,0.05,6.2%,1.75,8.9%,188
10,0.05,0.2,fix allocation volume exit,0.2,0.05,5.8%,1.50,7.5%,160
10,0.1,0.2,fix allocation volume exit,0.2,0.05,5.7%,1.48,7.5%,147
20,0.05,0.1,constant volume exit,0.1,0.05,3.8%,1.87,4.8%,145
20,0.05,0.1,constant volume exit,0.15,0.05,3.8%,1.87,4.8%,145
20,0.05,0.1,constant volume exit,0.2,0.05,3.8%,1.87,4.8%,145
10,0.15,0.2,fix allocation volume exit,0.2,0.05,5.7%,1.47,7.5%,137
10,0.05,0.2,fix allocation volume exit,0.15,0.05,5.5%,1.47,7.5%,125
10,0.05,0.2,fix allocation volume exit,0.2,0.03,5.6%,1.46,7.5%,117.5
20,0.05,0.1,constant volume exit,0.1,0.03,3.7%,1.80,4.8%,103
20,0.05,0.1,constant volume exit,0.15,0.03,3.7%,1.80,4.8%,103
20,0.05,0.1,constant volume exit,0.2,0.03,3.7%,1.80,4.8%,103
20,0.05,0,fix allocation,0.15,0.01,7.0%,1.56,9.1%,99.5
20,0.05,0,fix allocation,0.15,0.03,7.0%,1.56,9.1%,99.5
20,0.05,0,fix allocation,0.15,0.05,7.0%,1.56,9.1%,99.5
20,0.1,0,fix allocation,0.15,0.01,7.0%,1.56,9.1%,99.5
20,0.1,0,fix allocation,0.15,0.03,7.0%,1.56,9.1%,99.5
20,0.1,0,fix allocation,0.15,0.05,7.0%,1.56,9.1%,99.5
20,0.15,0,constant,0.1,0.01,7.0%,1.56,9.1%,99.5
20,0.15,0,constant,0.1,0.03,7.0%,1.56,9.1%,99.5
20,0.15,0,constant,0.1,0.05,7.0%,1.56,9.1%,99.5
20,0.15,0,constant,0.15,0.01,7.0%,1.56,9.1%,99.5
20,0.15,0,constant,0.15,0.03,7.0%,1.56,9.1%,99.5
20,0.15,0,constant,0.15,0.05,7.0%,1.56,9.1%,99.5
20,0.15,0,constant,0.2,0.01,7.0%,1.56,9.1%,99.5
20,0.15,0,constant,0.2,0.03,7.0%,1.56,9.1%,99.5
20,0.15,0,constant,0.2,0.05,7.0%,1.56,9.1%,99.5
20,0.15,0,fix allocation,0.15,0.01,7.0%,1.56,9.1%,99.5
20,0.15,0,fix allocation,0.15,0.03,7.0%,1.56,9.1%,99.5
20,0.15,0,fix allocation,0.15,0.05,7.0%,1.56,9.1%,99.5
10,0.15,0.2,fix allocation volume exit,0.2,0.01,5.5%,1.40,7.2%,93
10,0.1,0.2,fix allocation volume exit,0.15,0.05,5.5%,1.44,7.5%,86
10,0.1,0.2,fix allocation volume exit,0.2,0.01,5.4%,1.39,7.2%,84
10,0.15,0.2,constant volume exit,0.1,0.05,5.4%,1.44,7.5%,82
10,0.15,0.2,constant volume exit,0.15,0.05,5.4%,1.44,7.5%,82
10,0.15,0.2,constant volume exit,0.2,0.05,5.4%,1.44,7.5%,82
10,0.15,0.2,fix allocation volume exit,0.15,0.05,5.4%,1.44,7.5%,82
10,0.05,0.2,fix allocation volume exit,0.2,0.01,5.4%,1.40,7.3%,81
20,0.05,0,fix allocation,0.2,0.01,7.3%,1.44,9.3%,80
20,0.05,0,fix allocation,0.2,0.03,7.3%,1.44,9.3%,80
20,0.05,0,fix allocation,0.2,0.05,7.3%,1.44,9.3%,80
20,0.1,0,fix allocation,0.2,0.01,7.3%,1.44,9.3%,80
20,0.1,0,fix allocation,0.2,0.03,7.3%,1.44,9.3%,80
20,0.1,0,fix allocation,0.2,0.05,7.3%,1.44,9.3%,80
20,0.15,0,fix allocation,0.2,0.01,7.3%,1.44,9.3%,80
20,0.15,0,fix allocation,0.2,0.03,7.3%,1.44,9.3%,80
20,0.15,0,fix allocation,0.2,0.05,7.3%,1.44,9.3%,80
10,0.1,0.2,fix allocation volume exit,0.2,0.03,5.6%,1.44,7.5%,76
10,0.15,0.2,fix allocation volume exit,0.2,0.03,5.5%,1.42,7.5%,61.5
20,0.05,0.1,constant volume exit,0.1,0.01,3.6%,1.73,4.5%,61
20,0.05,0.1,constant volume exit,0.15,0.01,3.6%,1.73,4.5%,61
20,0.05,0.1,constant volume exit,0.2,0.01,3.6%,1.73,4.5%,61
10,0.05,0.2,fix allocation volume exit,0.15,0.03,5.4%,1.42,7.5%,36.5
10,0.15,0.2,constant volume exit,0.1,0.01,5.2%,1.38,7.2%,35
10,0.15,0.2,constant volume exit,0.15,0.01,5.2%,1.38,7.2%,35
10,0.15,0.2,constant volume exit,0.2,0.01,5.2%,1.38,7.2%,35
10,0.15,0.2,fix allocation volume exit,0.15,0.01,5.2%,1.38,7.2%,35
10,0.1,0.2,fix allocation volume exit,0.15,0.03,5.3%,1.41,7.5%,31.5
10,0.1,0.2,fix allocation volume exit,0.15,0.01,5.2%,1.37,7.2%,11
10,0.05,0.2,constant,0.1,0.01,4.9%,1.45,6.9%,6
10,0.05,0.2,constant,0.1,0.03,4.9%,1.45,6.9%,6
10,0.05,0.2,constant,0.1,0.05,4.9%,1.45,6.9%,6
10,0.05,0.2,constant,0.15,0.01,4.9%,1.45,6.9%,6
10,0.05,0.2,constant,0.15,0.03,4.9%,1.45,6.9%,6
10,0.05,0.2,constant,0.15,0.05,4.9%,1.45,6.9%,6
10,0.05,0.2,constant,0.2,0.01,4.9%,1.45,6.9%,6
10,0.05,0.2,constant,0.2,0.03,4.9%,1.45,6.9%,6
10,0.05,0.2,constant,0.2,0.05,4.9%,1.45,6.9%,6
10,0.05,0.2,fix allocation volume exit,0.15,0.01,5.2%,1.37,7.3%,4.5
10,0.15,0.2,constant volume exit,0.1,0.03,5.3%,1.40,7.5%,-2
10,0.15,0.2,constant volume exit,0.15,0.03,5.3%,1.40,7.5%,-2
10,0.15,0.2,constant volume exit,0.2,0.03,5.3%,1.40,7.5%,-2
10,0.15,0.2,fix allocation volume exit,0.15,0.03,5.3%,1.40,7.5%,-2
10,0.05,0.2,fix allocation,0.2,0.01,6.5%,1.55,10.2%,-4
10,0.05,0.2,fix allocation,0.2,0.03,6.5%,1.55,10.2%,-4
10,0.05,0.2,fix allocation,0.2,0.05,6.5%,1.55,10.2%,-4
10,0.1,0.2,fix allocation,0.2,0.01,6.5%,1.55,10.2%,-4
10,0.1,0.2,fix allocation,0.2,0.03,6.5%,1.55,10.2%,-4
10,0.1,0.2,fix allocation,0.2,0.05,6.5%,1.55,10.2%,-4
10,0.15,0.2,fix allocation,0.2,0.01,6.5%,1.55,10.2%,-4
10,0.15,0.2,fix allocation,0.2,0.03,6.5%,1.55,10.2%,-4
10,0.15,0.2,fix allocation,0.2,0.05,6.5%,1.55,10.2%,-4
10,0.05,0.2,fix allocation volume exit,0.1,0.05,5.1%,1.38,7.5%,-18
10,0.1,0.2,constant volume exit,0.1,0.05,5.0%,1.35,7.5%,-57
10,0.1,0.2,constant volume exit,0.15,0.05,5.0%,1.35,7.5%,-57
10,0.1,0.2,constant volume exit,0.2,0.05,5.0%,1.35,7.5%,-57
10,0.1,0.2,fix allocation volume exit,0.1,0.05,5.0%,1.35,7.5%,-57
10,0.15,0.2,fix allocation volume exit,0.1,0.05,5.0%,1.35,7.5%,-58
20,0.05,0.2,fix allocation volume exit,0.2,0.05,5.5%,1.40,8.6%,-76.5
20,0.15,0.2,fix allocation volume exit,0.2,0.01,5.2%,1.31,8.2%,-92.5
20,0.1,0.2,fix allocation volume exit,0.2,0.05,5.4%,1.36,8.6%,-97.5
20,0.15,0.2,fix allocation volume exit,0.2,0.05,5.4%,1.36,8.6%,-109.5
20,0.05,0.2,fix allocation volume exit,0.2,0.01,5.1%,1.30,8.3%,-113.5
10,0.05,0.2,fix allocation volume exit,0.1,0.03,4.9%,1.33,7.5%,-115
20,0.1,0.2,fix allocation volume exit,0.2,0.01,5.1%,1.29,8.2%,-117
10,0.1,0.2,constant volume exit,0.1,0.03,4.9%,1.31,7.5%,-120.5
10,0.1,0.2,constant volume exit,0.15,0.03,4.9%,1.31,7.5%,-120.5
10,0.1,0.2,constant volume exit,0.2,0.03,4.9%,1.31,7.5%,-120.5
10,0.1,0.2,fix allocation volume exit,0.1,0.03,4.9%,1.31,7.5%,-120.5
20,0.15,0.2,constant volume exit,0.1,0.01,5.0%,1.30,8.2%,-128
20,0.15,0.2,constant volume exit,0.15,0.01,5.0%,1.30,8.2%,-128
20,0.15,0.2,constant volume exit,0.2,0.01,5.0%,1.30,8.2%,-128
20,0.15,0.2,fix allocation volume exit,0.15,0.01,5.0%,1.30,8.2%,-128
10,0.15,0.2,fix allocation volume exit,0.1,0.01,4.8%,1.29,7.2%,-130
20,0.05,0.2,fix allocation volume exit,0.2,0.03,5.4%,1.35,8.6%,-132.5
20,0.05,0.2,fix allocation volume exit,0.15,0.05,5.3%,1.37,8.6%,-143
10,0.15,0.2,fix allocation volume exit,0.1,0.03,4.9%,1.31,7.5%,-144
10,0.1,0.2,constant volume exit,0.1,0.01,4.8%,1.28,7.2%,-150
10,0.1,0.2,constant volume exit,0.15,0.01,4.8%,1.28,7.2%,-150
10,0.1,0.2,constant volume exit,0.2,0.01,4.8%,1.28,7.2%,-150
10,0.1,0.2,fix allocation volume exit,0.1,0.01,4.8%,1.28,7.2%,-150
10,0.05,0.2,fix allocation volume exit,0.1,0.01,4.7%,1.28,7.3%,-157.5
20,0.1,0.2,fix allocation volume exit,0.15,0.05,5.2%,1.34,8.6%,-164.5
20,0.1,0.2,fix allocation volume exit,0.15,0.01,5.0%,1.28,8.2%,-172.5
20,0.05,0.2,fix allocation volume exit,0.15,0.01,4.9%,1.28,8.3%,-177.5
20,0.1,0.2,fix allocation volume exit,0.2,0.03,5.3%,1.32,8.6%,-179
20,0.15,0.2,constant volume exit,0.1,0.05,5.2%,1.34,8.6%,-181
20,0.15,0.2,constant volume exit,0.15,0.05,5.2%,1.34,8.6%,-181
20,0.15,0.2,constant volume exit,0.2,0.05,5.2%,1.34,8.6%,-181
20,0.15,0.2,fix allocation volume exit,0.15,0.05,5.2%,1.34,8.6%,-181
20,0.15,0.2,fix allocation volume exit,0.2,0.03,5.2%,1.31,8.6%,-183.5
20,0.05,0.2,fix allocation volume exit,0.15,0.03,5.1%,1.33,8.6%,-200.5
20,0.1,0.2,fix allocation volume exit,0.15,0.03,5.1%,1.30,8.6%,-220.5
20,0.15,0.2,constant volume exit,0.1,0.03,5.0%,1.29,8.6%,-242
20,0.15,0.2,constant volume exit,0.15,0.03,5.0%,1.29,8.6%,-242
20,0.15,0.2,constant volume exit,0.2,0.03,5.0%,1.29,8.6%,-242
20,0.15,0.2,fix allocation volume exit,0.15,0.03,5.0%,1.29,8.6%,-242
20,0.05,0.2,fix allocation volume exit,0.1,0.05,4.9%,1.30,8.6%,-252.5
20,0.15,0.2,fix allocation volume exit,0.1,0.01,4.6%,1.23,8.2%,-281
20,0.1,0.2,constant volume exit,0.1,0.01,4.6%,1.21,8.2%,-295.5
20,0.1,0.2,constant volume exit,0.15,0.01,4.6%,1.21,8.2%,-295.5
20,0.1,0.2,constant volume exit,0.2,0.01,4.6%,1.21,8.2%,-295.5
20,0.1,0.2,fix allocation volume exit,0.1,0.01,4.6%,1.21,8.2%,-295.5
20,0.05,0.2,fix allocation volume exit,0.1,0.01,4.5%,1.21,8.3%,-301
20,0.1,0.2,constant volume exit,0.1,0.05,4.8%,1.27,8.6%,-306
20,0.1,0.2,constant volume exit,0.15,0.05,4.8%,1.27,8.6%,-306
20,0.1,0.2,constant volume exit,0.2,0.05,4.8%,1.27,8.6%,-306
20,0.1,0.2,fix allocation volume exit,0.1,0.05,4.8%,1.27,8.6%,-306
20,0.15,0.2,fix allocation volume exit,0.1,0.05,4.8%,1.27,8.6%,-309.5
10,0.05,0.2,constant volume exit,0.1,0.01,4.0%,1.09,7.4%,-331
10,0.05,0.2,constant volume exit,0.15,0.01,4.0%,1.09,7.4%,-331
10,0.05,0.2,constant volume exit,0.2,0.01,4.0%,1.09,7.4%,-331
10,0.05,0.2,constant volume exit,0.1,0.05,4.2%,1.16,7.7%,-336
10,0.05,0.2,constant volume exit,0.15,0.05,4.2%,1.16,7.7%,-336
10,0.05,0.2,constant volume exit,0.2,0.05,4.2%,1.16,7.7%,-336
10,0.05,0.2,constant volume exit,0.1,0.03,4.1%,1.12,7.7%,-352
10,0.05,0.2,constant volume exit,0.15,0.03,4.1%,1.12,7.7%,-352
10,0.05,0.2,constant volume exit,0.2,0.03,4.1%,1.12,7.7%,-352
20,0.05,0.2,fix allocation volume exit,0.1,0.03,4.7%,1.25,8.6%,-354
20,0.1,0.2,constant volume exit,0.1,0.03,4.7%,1.23,8.6%,-362.5
20,0.1,0.2,constant volume exit,0.15,0.03,4.7%,1.23,8.6%,-362.5
20,0.1,0.2,constant volume exit,0.2,0.03,4.7%,1.23,8.6%,-362.5
20,0.1,0.2,fix allocation volume exit,0.1,0.03,4.7%,1.23,8.6%,-362.5
20,0.15,0.2,fix allocation volume exit,0.1,0.03,4.6%,1.23,8.6%,-377
20,0.05,0.2,constant volume exit,0.1,0.01,3.8%,1.04,8.4%,-481
20,0.05,0.2,constant volume exit,0.15,0.01,3.8%,1.04,8.4%,-481
20,0.05,0.2,constant volume exit,0.2,0.01,3.8%,1.04,8.4%,-481
20,0.05,0.2,constant volume exit,0.1,0.05,4.1%,1.11,8.8%,-499
20,0.05,0.2,constant volume exit,0.15,0.05,4.1%,1.11,8.8%,-499
20,0.05,0.2,constant volume exit,0.2,0.05,4.1%,1.11,8.8%,-499
20,0.05,0.2,constant volume exit,0.1,0.03,4.0%,1.07,8.8%,-520
20,0.05,0.2,constant volume exit,0.15,0.03,4.0%,1.07,8.8%,-520
20,0.05,0.2,constant volume exit,0.2,0.03,4.0%,1.07,8.8%,-520
